19582629049,212.232.85.33,370830, 
13474327165,26.209.79.55,370831, 
15586558713,40.141.55.180,370832, 
13253847636,21.132.207.114,370881, 
13208953508,1.116.207.210,370882, 
13217300542,248.211.135.99,370883, 
15861736343,28.16.212.153,370900, 
13032540754,20.90.87.35,370901, 
13140893536,93.251.195.14,370902, 
13110594399,161.186.71.252,370903, 
15337361694,172.90.29.215,370911, 
13114006083,239.47.227.67,370919, 
16260422044,89.103.45.53,370920, 
15342975067,183.36.253.63,370921, 
13224319492,179.130.224.247,370922, 
15756724235,107.252.137.181,370923, 
13112973266,48.164.96.98,370981, 
13222588943,87.218.221.189,370982, 
15757627136,132.6.58.248,370983, 
13064462643,129.138.90.141,371000, 
13004353694,102.165.203.219,371001, 
15329598008,219.121.44.42,371002, 
13020075393,36.145.34.50,371021, 
15386267148,138.214.49.30,371081, 
13025203156,149.77.41.180,371082, 
15552696393,55.236.81.198,371083, 
15309797616,125.52.114.164,371100, 
15389245128,213.38.54.231,371101, 
13036166909,253.111.170.43,371102, 
15393468150,220.100.2.182,371103, 
16252809585,149.108.186.190,371121, 
13085846882,103.177.17.18,371122, 
13006116945,37.249.84.159,371200, 
13222865634,209.2.59.84,371201, 
13222236060,18.237.178.90,371202, 
15341691956,216.124.71.84,371203, 
16255491530,254.208.57.55,371300, 
13800159090,57.217.37.25,371301, 
15509846659,154.224.52.31,371302, 
15933989152,247.87.27.84,371311, 
15757086939,13.253.11.46,371312, 
13834054800,4.237.188.242,371321, 
13769171088,211.71.77.195,371322, 
15310347223,14.201.96.111,371323, 
14666127769,225.47.2.110,371324, 
15371406087,170.153.95.253,371325, 
15952241505,149.29.186.244,371326, 
15314090011,85.22.72.153,371327, 
15561247646,133.249.26.155,371328, 
13803015546,166.83.5.157,371329, 
16283093523,106.101.119.23,371400, 
15588842348,132.88.242.174,371401, 
13222436814,244.33.83.181,371402, 
13222203293,78.134.9.249,371421, 
13977679485,248.235.44.3,371422, 
13998686013,110.228.45.240,371423, 
15518477229,126.28.230.211,371424, 
15367156633,215.54.144.176,371425, 
15500246881,97.133.173.55,371426, 
15932955681,111.222.142.33,371427, 
16252765201,154.252.53.222,371428, 
16509922893,251.166.79.196,371481, 
16254522844,203.108.127.12,371482, 
15386584940,60.195.247.11,371500, 
16221206396,77.251.81.96,371501, 
15539456541,30.42.71.197,371502, 
15338311134,12.121.37.208,371521, 
13949663607,167.131.227.137,371522, 
13084895324,213.46.180.159,371523, 
16527706292,113.196.203.61,371524, 
16253000951,117.82.251.150,371525, 
15854640875,165.112.2.218,371526, 
13222049965,100.79.180.42,371581, 
13787799464,96.189.126.207,371600, 
15602606942,191.93.188.5,371601, 
15532331140,23.176.63.8,371602, 
13774939030,117.4.55.184,371621, 
15748046069,25.221.122.103,371622, 
13213086468,18.48.118.82,371623, 
15305752598,149.10.174.45,371624, 
15338553345,167.110.226.28,371625, 
13785135482,213.116.196.162,371626, 
15022837582,174.79.77.47,371700, 
15755856316,31.101.167.155,371701, 
15605916931,199.183.147.178,371702, 
15017203853,129.54.190.254,371721, 
15850719541,182.36.187.47,371722, 
15523148714,140.92.171.250,371723, 
15602900800,162.108.68.209,371724, 
13060128635,101.197.148.246,371725, 
15987640607,137.209.106.186,371726, 
15014929866,122.79.228.85,371727, 
13222072493,10.204.151.33,371728, 
13929572563,244.50.49.2,372100, 
13093657989,215.53.187.160,372101, 
13929561266,133.75.169.218,372102, 
13034230176,148.155.243.215,372121, 
13803968882,132.207.151.39,372122, 
15389356256,1.125.60.113,372124, 
13211255671,33.193.65.48,372125, 
19582629049,212.232.85.33,370830,
13474327165,26.209.79.55,370831,
15586558713,40.141.55.180,370832,
13253847636,21.132.207.114,370881,
13208953508,1.116.207.210,370882,
13217300542,248.211.135.99,370883,
15861736343,28.16.212.153,370900,
13032540754,20.90.87.35,370901,
13140893536,93.251.195.14,370902,
13110594399,161.186.71.252,370903,
15337361694,172.90.29.215,370911,
13114006083,239.47.227.67,370919,
16260422044,89.103.45.53,370920,
15342975067,183.36.253.63,370921,
13224319492,179.130.224.247,370922,
15756724235,107.252.137.181,370923,
13112973266,48.164.96.98,370981,
13222588943,87.218.221.189,370982,
15757627136,132.6.58.248,370983,
13064462643,129.138.90.141,371000,
13004353694,102.165.203.219,371001,
15329598008,219.121.44.42,371002,
13020075393,36.145.34.50,371021,
15386267148,138.214.49.30,371081,
13025203156,149.77.41.180,371082,
15552696393,55.236.81.198,371083,
15309797616,125.52.114.164,371100,
15389245128,213.38.54.231,371101,
13036166909,253.111.170.43,371102,
15393468150,220.100.2.182,371103,
16252809585,149.108.186.190,371121,
13085846882,103.177.17.18,371122,
13006116945,37.249.84.159,371200,
13222865634,209.2.59.84,371201,
13222236060,18.237.178.90,371202,
15341691956,216.124.71.84,371203,
16255491530,254.208.57.55,371300,
13800159090,57.217.37.25,371301,
15509846659,154.224.52.31,371302,
15933989152,247.87.27.84,371311,
15757086939,13.253.11.46,371312,
13834054800,4.237.188.242,371321,
13769171088,211.71.77.195,371322,
15310347223,14.201.96.111,371323,
14666127769,225.47.2.110,371324,
15371406087,170.153.95.253,371325,
15952241505,149.29.186.244,371326,
15314090011,85.22.72.153,371327,
15561247646,133.249.26.155,371328,
13803015546,166.83.5.157,371329,
16283093523,106.101.119.23,371400,
15588842348,132.88.242.174,371401,
13222436814,244.33.83.181,371402,
13222203293,78.134.9.249,371421,
13977679485,248.235.44.3,371422,
13998686013,110.228.45.240,371423,
15518477229,126.28.230.211,371424,
15367156633,215.54.144.176,371425,
15500246881,97.133.173.55,371426,
15932955681,111.222.142.33,371427,
16252765201,154.252.53.222,371428,
16509922893,251.166.79.196,371481,
16254522844,203.108.127.12,371482,
15386584940,60.195.247.11,371500,
16221206396,77.251.81.96,371501,
15539456541,30.42.71.197,371502,
15338311134,12.121.37.208,371521,
13949663607,167.131.227.137,371522,
13084895324,213.46.180.159,371523,
16527706292,113.196.203.61,371524,
16253000951,117.82.251.150,371525,
15854640875,165.112.2.218,371526,
13222049965,100.79.180.42,371581,
13787799464,96.189.126.207,371600,
15602606942,191.93.188.5,371601,
15532331140,23.176.63.8,371602,
13774939030,117.4.55.184,371621,
15748046069,25.221.122.103,371622,
13213086468,18.48.118.82,371623,
15305752598,149.10.174.45,371624,
15338553345,167.110.226.28,371625,
13785135482,213.116.196.162,371626,
15022837582,174.79.77.47,371700,
15755856316,31.101.167.155,371701,
15605916931,199.183.147.178,371702,
15017203853,129.54.190.254,371721,
15850719541,182.36.187.47,371722,
15523148714,140.92.171.250,371723,
15602900800,162.108.68.209,371724,
13060128635,101.197.148.246,371725,
15987640607,137.209.106.186,371726,
15014929866,122.79.228.85,371727,
13222072493,10.204.151.33,371728,
13929572563,244.50.49.2,372100,
13093657989,215.53.187.160,372101,
13929561266,133.75.169.218,372102,
13034230176,148.155.243.215,372121,
13803968882,132.207.151.39,372122,
15389356256,1.125.60.113,372124,
13211255671,33.193.65.48,372125,
19582629049,212.232.85.33,370830,
13474327165,26.209.79.55,370831,
15586558713,40.141.55.180,370832,
13253847636,21.132.207.114,370881,
13208953508,1.116.207.210,370882,
13217300542,248.211.135.99,370883,
15861736343,28.16.212.153,370900,
13032540754,20.90.87.35,370901,
13140893536,93.251.195.14,370902,
13110594399,161.186.71.252,370903,
15337361694,172.90.29.215,370911,
13114006083,239.47.227.67,370919,
16260422044,89.103.45.53,370920,
15342975067,183.36.253.63,370921,
13224319492,179.130.224.247,370922,
15756724235,107.252.137.181,370923,
13112973266,48.164.96.98,370981,
13222588943,87.218.221.189,370982,
15757627136,132.6.58.248,370983,
13064462643,129.138.90.141,371000,
13004353694,102.165.203.219,371001,
15329598008,219.121.44.42,371002,
13020075393,36.145.34.50,371021,
15386267148,138.214.49.30,371081,
13025203156,149.77.41.180,371082,
15552696393,55.236.81.198,371083,
15309797616,125.52.114.164,371100,
15389245128,213.38.54.231,371101,
13036166909,253.111.170.43,371102,
15393468150,220.100.2.182,371103,
16252809585,149.108.186.190,371121,
13085846882,103.177.17.18,371122,
13006116945,37.249.84.159,371200,
13222865634,209.2.59.84,371201,
13222236060,18.237.178.90,371202,
15341691956,216.124.71.84,371203,
16255491530,254.208.57.55,371300,
13800159090,57.217.37.25,371301,
15509846659,154.224.52.31,371302,
15933989152,247.87.27.84,371311,
15757086939,13.253.11.46,371312,
13834054800,4.237.188.242,371321,
13769171088,211.71.77.195,371322,
15310347223,14.201.96.111,371323,
14666127769,225.47.2.110,371324,
15371406087,170.153.95.253,371325,
15952241505,149.29.186.244,371326,
15314090011,85.22.72.153,371327,
15561247646,133.249.26.155,371328,
13803015546,166.83.5.157,371329,
16283093523,106.101.119.23,371400,
15588842348,132.88.242.174,371401,
13222436814,244.33.83.181,371402,
13222203293,78.134.9.249,371421,
13977679485,248.235.44.3,371422,
13998686013,110.228.45.240,371423,
15518477229,126.28.230.211,371424,
15367156633,215.54.144.176,371425,
15500246881,97.133.173.55,371426,
15932955681,111.222.142.33,371427,
16252765201,154.252.53.222,371428,
16509922893,251.166.79.196,371481,
16254522844,203.108.127.12,371482,
15386584940,60.195.247.11,371500,
16221206396,77.251.81.96,371501,
15539456541,30.42.71.197,371502,
15338311134,12.121.37.208,371521,
13949663607,167.131.227.137,371522,
13084895324,213.46.180.159,371523,
16527706292,113.196.203.61,371524,
16253000951,117.82.251.150,371525,
15854640875,165.112.2.218,371526,
13222049965,100.79.180.42,371581,
13787799464,96.189.126.207,371600,
15602606942,191.93.188.5,371601,
15532331140,23.176.63.8,371602,
13774939030,117.4.55.184,371621,
15748046069,25.221.122.103,371622,
13213086468,18.48.118.82,371623,
15305752598,149.10.174.45,371624,
15338553345,167.110.226.28,371625,
13785135482,213.116.196.162,371626,
15022837582,174.79.77.47,371700,
15755856316,31.101.167.155,371701,
15605916931,199.183.147.178,371702,
15017203853,129.54.190.254,371721,
15850719541,182.36.187.47,371722,
15523148714,140.92.171.250,371723,
15602900800,162.108.68.209,371724,
13060128635,101.197.148.246,371725,
15987640607,137.209.106.186,371726,
15014929866,122.79.228.85,371727,
13222072493,10.204.151.33,371728,
13929572563,244.50.49.2,372100,
13093657989,215.53.187.160,372101,
13929561266,133.75.169.218,372102,
13034230176,148.155.243.215,372121,
13803968882,132.207.151.39,372122,
15389356256,1.125.60.113,372124,
13211255671,33.193.65.48,372125,
19582629049,212.232.85.33,370830,
13474327165,26.209.79.55,370831,
15586558713,40.141.55.180,370832,
13253847636,21.132.207.114,370881,
13208953508,1.116.207.210,370882,
13217300542,248.211.135.99,370883,
15861736343,28.16.212.153,370900,
13032540754,20.90.87.35,370901,
13140893536,93.251.195.14,370902,
13110594399,161.186.71.252,370903,
15337361694,172.90.29.215,370911,
13114006083,239.47.227.67,370919,
16260422044,89.103.45.53,370920,
15342975067,183.36.253.63,370921,
13224319492,179.130.224.247,370922,
15756724235,107.252.137.181,370923,
13112973266,48.164.96.98,370981,
13222588943,87.218.221.189,370982,
15757627136,132.6.58.248,370983,
13064462643,129.138.90.141,371000,
13004353694,102.165.203.219,371001,
15329598008,219.121.44.42,371002,
13020075393,36.145.34.50,371021,
15386267148,138.214.49.30,371081,
13025203156,149.77.41.180,371082,
15552696393,55.236.81.198,371083,
15309797616,125.52.114.164,371100,
15389245128,213.38.54.231,371101,
13036166909,253.111.170.43,371102,
15393468150,220.100.2.182,371103,
16252809585,149.108.186.190,371121,
13085846882,103.177.17.18,371122,
13006116945,37.249.84.159,371200,
13222865634,209.2.59.84,371201,
13222236060,18.237.178.90,371202,
15341691956,216.124.71.84,371203,
16255491530,254.208.57.55,371300,
13800159090,57.217.37.25,371301,
15509846659,154.224.52.31,371302,
15933989152,247.87.27.84,371311,
15757086939,13.253.11.46,371312,
13834054800,4.237.188.242,371321,
13769171088,211.71.77.195,371322,
15310347223,14.201.96.111,371323,
14666127769,225.47.2.110,371324,
15371406087,170.153.95.253,371325,
15952241505,149.29.186.244,371326,
15314090011,85.22.72.153,371327,
15561247646,133.249.26.155,371328,
13803015546,166.83.5.157,371329,
16283093523,106.101.119.23,371400,
15588842348,132.88.242.174,371401,
13222436814,244.33.83.181,371402,
13222203293,78.134.9.249,371421,
13977679485,248.235.44.3,371422,
13998686013,110.228.45.240,371423,
15518477229,126.28.230.211,371424,
15367156633,215.54.144.176,371425,
15500246881,97.133.173.55,371426,
15932955681,111.222.142.33,371427,
16252765201,154.252.53.222,371428,
16509922893,251.166.79.196,371481,
16254522844,203.108.127.12,371482,
15386584940,60.195.247.11,371500,
16221206396,77.251.81.96,371501,
15539456541,30.42.71.197,371502,
15338311134,12.121.37.208,371521,
13949663607,167.131.227.137,371522,
13084895324,213.46.180.159,371523,
16527706292,113.196.203.61,371524,
16253000951,117.82.251.150,371525,
15854640875,165.112.2.218,371526,
13222049965,100.79.180.42,371581,
13787799464,96.189.126.207,371600,
15602606942,191.93.188.5,371601,
15532331140,23.176.63.8,371602,
13774939030,117.4.55.184,371621,
15748046069,25.221.122.103,371622,
13213086468,18.48.118.82,371623,
15305752598,149.10.174.45,371624,
15338553345,167.110.226.28,371625,
13785135482,213.116.196.162,371626,
15022837582,174.79.77.47,371700,
15755856316,31.101.167.155,371701,
15605916931,199.183.147.178,371702,
15017203853,129.54.190.254,371721,
15850719541,182.36.187.47,371722,
15523148714,140.92.171.250,371723,
15602900800,162.108.68.209,371724,
13060128635,101.197.148.246,371725,
15987640607,137.209.106.186,371726,
15014929866,122.79.228.85,371727,
13222072493,10.204.151.33,371728,
13929572563,244.50.49.2,372100,
13093657989,215.53.187.160,372101,
13929561266,133.75.169.218,372102,
13034230176,148.155.243.215,372121,
13803968882,132.207.151.39,372122,
15389356256,1.125.60.113,372124,
13211255671,33.193.65.48,372125,
19582629049,212.232.85.33,370830,
13474327165,26.209.79.55,370831,
15586558713,40.141.55.180,370832,
13253847636,21.132.207.114,370881,
13208953508,1.116.207.210,370882,
13217300542,248.211.135.99,370883,
15861736343,28.16.212.153,370900,
13032540754,20.90.87.35,370901,
13140893536,93.251.195.14,370902,
13110594399,161.186.71.252,370903,
15337361694,172.90.29.215,370911,
13114006083,239.47.227.67,370919,
16260422044,89.103.45.53,370920,
15342975067,183.36.253.63,370921,
13224319492,179.130.224.247,370922,
15756724235,107.252.137.181,370923,
13112973266,48.164.96.98,370981,
13222588943,87.218.221.189,370982,
15757627136,132.6.58.248,370983,
13064462643,129.138.90.141,371000,
13004353694,102.165.203.219,371001,
15329598008,219.121.44.42,371002,
13020075393,36.145.34.50,371021,
15386267148,138.214.49.30,371081,
13025203156,149.77.41.180,371082,
15552696393,55.236.81.198,371083,
15309797616,125.52.114.164,371100,
15389245128,213.38.54.231,371101,
13036166909,253.111.170.43,371102,
15393468150,220.100.2.182,371103,
16252809585,149.108.186.190,371121,
13085846882,103.177.17.18,371122,
13006116945,37.249.84.159,371200,
13222865634,209.2.59.84,371201,
13222236060,18.237.178.90,371202,
15341691956,216.124.71.84,371203,
16255491530,254.208.57.55,371300,
13800159090,57.217.37.25,371301,
15509846659,154.224.52.31,371302,
15933989152,247.87.27.84,371311,
15757086939,13.253.11.46,371312,
13834054800,4.237.188.242,371321,
13769171088,211.71.77.195,371322,
15310347223,14.201.96.111,371323,
14666127769,225.47.2.110,371324,
15371406087,170.153.95.253,371325,
15952241505,149.29.186.244,371326,
15314090011,85.22.72.153,371327,
15561247646,133.249.26.155,371328,
13803015546,166.83.5.157,371329,
16283093523,106.101.119.23,371400,
15588842348,132.88.242.174,371401,
13222436814,244.33.83.181,371402,
13222203293,78.134.9.249,371421,
13977679485,248.235.44.3,371422,
13998686013,110.228.45.240,371423,
15518477229,126.28.230.211,371424,
15367156633,215.54.144.176,371425,
15500246881,97.133.173.55,371426,
15932955681,111.222.142.33,371427,
16252765201,154.252.53.222,371428,
16509922893,251.166.79.196,371481,
16254522844,203.108.127.12,371482,
15386584940,60.195.247.11,371500,
16221206396,77.251.81.96,371501,
15539456541,30.42.71.197,371502,
15338311134,12.121.37.208,371521,
13949663607,167.131.227.137,371522,
13084895324,213.46.180.159,371523,
16527706292,113.196.203.61,371524,
16253000951,117.82.251.150,371525,
15854640875,165.112.2.218,371526,
13222049965,100.79.180.42,371581,
13787799464,96.189.126.207,371600,
15602606942,191.93.188.5,371601,
15532331140,23.176.63.8,371602,
13774939030,117.4.55.184,371621,
15748046069,25.221.122.103,371622,
13213086468,18.48.118.82,371623,
15305752598,149.10.174.45,371624,
15338553345,167.110.226.28,371625,
13785135482,213.116.196.162,371626,
15022837582,174.79.77.47,371700,
15755856316,31.101.167.155,371701,
15605916931,199.183.147.178,371702,
15017203853,129.54.190.254,371721,
15850719541,182.36.187.47,371722,
15523148714,140.92.171.250,371723,
15602900800,162.108.68.209,371724,
13060128635,101.197.148.246,371725,
15987640607,137.209.106.186,371726,
15014929866,122.79.228.85,371727,
13222072493,10.204.151.33,371728,
13929572563,244.50.49.2,372100,
13093657989,215.53.187.160,372101,
13929561266,133.75.169.218,372102,
13034230176,148.155.243.215,372121,
13803968882,132.207.151.39,372122,
15389356256,1.125.60.113,372124,
13211255671,33.193.65.48,372125,
19582629049,212.232.85.33,370830,
13474327165,26.209.79.55,370831,
15586558713,40.141.55.180,370832,
13253847636,21.132.207.114,370881,
13208953508,1.116.207.210,370882,
13217300542,248.211.135.99,370883,
15861736343,28.16.212.153,370900,
13032540754,20.90.87.35,370901,
13140893536,93.251.195.14,370902,
13110594399,161.186.71.252,370903,
15337361694,172.90.29.215,370911,
13114006083,239.47.227.67,370919,
16260422044,89.103.45.53,370920,
15342975067,183.36.253.63,370921,
13224319492,179.130.224.247,370922,
15756724235,107.252.137.181,370923,
13112973266,48.164.96.98,370981,
13222588943,87.218.221.189,370982,
15757627136,132.6.58.248,370983,
13064462643,129.138.90.141,371000,
13004353694,102.165.203.219,371001,
15329598008,219.121.44.42,371002,
13020075393,36.145.34.50,371021,
15386267148,138.214.49.30,371081,
13025203156,149.77.41.180,371082,
15552696393,55.236.81.198,371083,
15309797616,125.52.114.164,371100,
15389245128,213.38.54.231,371101,
13036166909,253.111.170.43,371102,
15393468150,220.100.2.182,371103,
16252809585,149.108.186.190,371121,
13085846882,103.177.17.18,371122,
13006116945,37.249.84.159,371200,
13222865634,209.2.59.84,371201,
13222236060,18.237.178.90,371202,
15341691956,216.124.71.84,371203,
16255491530,254.208.57.55,371300,
13800159090,57.217.37.25,371301,
15509846659,154.224.52.31,371302,
15933989152,247.87.27.84,371311,
15757086939,13.253.11.46,371312,
13834054800,4.237.188.242,371321,
13769171088,211.71.77.195,371322,
15310347223,14.201.96.111,371323,
14666127769,225.47.2.110,371324,
15371406087,170.153.95.253,371325,
15952241505,149.29.186.244,371326,
15314090011,85.22.72.153,371327,
15561247646,133.249.26.155,371328,
13803015546,166.83.5.157,371329,
16283093523,106.101.119.23,371400,
15588842348,132.88.242.174,371401,
13222436814,244.33.83.181,371402,
13222203293,78.134.9.249,371421,
13977679485,248.235.44.3,371422,
13998686013,110.228.45.240,371423,
15518477229,126.28.230.211,371424,
15367156633,215.54.144.176,371425,
15500246881,97.133.173.55,371426,
15932955681,111.222.142.33,371427,
16252765201,154.252.53.222,371428,
16509922893,251.166.79.196,371481,
16254522844,203.108.127.12,371482,
15386584940,60.195.247.11,371500,
16221206396,77.251.81.96,371501,
15539456541,30.42.71.197,371502,
15338311134,12.121.37.208,371521,
13949663607,167.131.227.137,371522,
13084895324,213.46.180.159,371523,
16527706292,113.196.203.61,371524,
16253000951,117.82.251.150,371525,
15854640875,165.112.2.218,371526,
13222049965,100.79.180.42,371581,
13787799464,96.189.126.207,371600,
15602606942,191.93.188.5,371601,
15532331140,23.176.63.8,371602,
13774939030,117.4.55.184,371621,
15748046069,25.221.122.103,371622,
13213086468,18.48.118.82,371623,
15305752598,149.10.174.45,371624,
15338553345,167.110.226.28,371625,
13785135482,213.116.196.162,371626,
15022837582,174.79.77.47,371700,
15755856316,31.101.167.155,371701,
15605916931,199.183.147.178,371702,
15017203853,129.54.190.254,371721,
15850719541,182.36.187.47,371722,
15523148714,140.92.171.250,371723,
15602900800,162.108.68.209,371724,
13060128635,101.197.148.246,371725,
15987640607,137.209.106.186,371726,
15014929866,122.79.228.85,371727,
13222072493,10.204.151.33,371728,
13929572563,244.50.49.2,372100,
13093657989,215.53.187.160,372101,
13929561266,133.75.169.218,372102,
13034230176,148.155.243.215,372121,
13803968882,132.207.151.39,372122,
15389356256,1.125.60.113,372124,
13211255671,33.193.65.48,372125,
19582629049,212.232.85.33,370830,
13474327165,26.209.79.55,370831,
15586558713,40.141.55.180,370832,
13253847636,21.132.207.114,370881,
13208953508,1.116.207.210,370882,
13217300542,248.211.135.99,370883,
15861736343,28.16.212.153,370900,
13032540754,20.90.87.35,370901,
13140893536,93.251.195.14,370902,
13110594399,161.186.71.252,370903,
15337361694,172.90.29.215,370911,
13114006083,239.47.227.67,370919,
16260422044,89.103.45.53,370920,
15342975067,183.36.253.63,370921,
13224319492,179.130.224.247,370922,
15756724235,107.252.137.181,370923,
13112973266,48.164.96.98,370981,
13222588943,87.218.221.189,370982,
15757627136,132.6.58.248,370983,
13064462643,129.138.90.141,371000,
13004353694,102.165.203.219,371001,
15329598008,219.121.44.42,371002,
13020075393,36.145.34.50,371021,
15386267148,138.214.49.30,371081,
13025203156,149.77.41.180,371082,
15552696393,55.236.81.198,371083,
15309797616,125.52.114.164,371100,
15389245128,213.38.54.231,371101,
13036166909,253.111.170.43,371102,
15393468150,220.100.2.182,371103,
16252809585,149.108.186.190,371121,
13085846882,103.177.17.18,371122,
13006116945,37.249.84.159,371200,
13222865634,209.2.59.84,371201,
13222236060,18.237.178.90,371202,
15341691956,216.124.71.84,371203,
16255491530,254.208.57.55,371300,
13800159090,57.217.37.25,371301,
15509846659,154.224.52.31,371302,
15933989152,247.87.27.84,371311,
15757086939,13.253.11.46,371312,
13834054800,4.237.188.242,371321,
13769171088,211.71.77.195,371322,
15310347223,14.201.96.111,371323,
14666127769,225.47.2.110,371324,
15371406087,170.153.95.253,371325,
15952241505,149.29.186.244,371326,
15314090011,85.22.72.153,371327,
15561247646,133.249.26.155,371328,
13803015546,166.83.5.157,371329,
16283093523,106.101.119.23,371400,
15588842348,132.88.242.174,371401,
13222436814,244.33.83.181,371402,
13222203293,78.134.9.249,371421,
13977679485,248.235.44.3,371422,
13998686013,110.228.45.240,371423,
15518477229,126.28.230.211,371424,
15367156633,215.54.144.176,371425,
15500246881,97.133.173.55,371426,
15932955681,111.222.142.33,371427,
16252765201,154.252.53.222,371428,
16509922893,251.166.79.196,371481,
16254522844,203.108.127.12,371482,
15386584940,60.195.247.11,371500,
16221206396,77.251.81.96,371501,
15539456541,30.42.71.197,371502,
15338311134,12.121.37.208,371521,
13949663607,167.131.227.137,371522,
13084895324,213.46.180.159,371523,
16527706292,113.196.203.61,371524,
16253000951,117.82.251.150,371525,
15854640875,165.112.2.218,371526,
13222049965,100.79.180.42,371581,
13787799464,96.189.126.207,371600,
15602606942,191.93.188.5,371601,
15532331140,23.176.63.8,371602,
13774939030,117.4.55.184,371621,
15748046069,25.221.122.103,371622,
13213086468,18.48.118.82,371623,
15305752598,149.10.174.45,371624,
15338553345,167.110.226.28,371625,
13785135482,213.116.196.162,371626,
15022837582,174.79.77.47,371700,
15755856316,31.101.167.155,371701,
15605916931,199.183.147.178,371702,
15017203853,129.54.190.254,371721,
15850719541,182.36.187.47,371722,
15523148714,140.92.171.250,371723,
15602900800,162.108.68.209,371724,
13060128635,101.197.148.246,371725,
15987640607,137.209.106.186,371726,
15014929866,122.79.228.85,371727,
13222072493,10.204.151.33,371728,
13929572563,244.50.49.2,372100,
13093657989,215.53.187.160,372101,
13929561266,133.75.169.218,372102,
13034230176,148.155.243.215,372121,
13803968882,132.207.151.39,372122,
15389356256,1.125.60.113,372124,
13211255671,33.193.65.48,372125,
19582629049,212.232.85.33,370830,
13474327165,26.209.79.55,370831,
15586558713,40.141.55.180,370832,
13253847636,21.132.207.114,370881,
13208953508,1.116.207.210,370882,
13217300542,248.211.135.99,370883,
15861736343,28.16.212.153,370900,
13032540754,20.90.87.35,370901,
13140893536,93.251.195.14,370902,
13110594399,161.186.71.252,370903,
15337361694,172.90.29.215,370911,
13114006083,239.47.227.67,370919,
16260422044,89.103.45.53,370920,
15342975067,183.36.253.63,370921,
13224319492,179.130.224.247,370922,
15756724235,107.252.137.181,370923,
13112973266,48.164.96.98,370981,
13222588943,87.218.221.189,370982,
15757627136,132.6.58.248,370983,
13064462643,129.138.90.141,371000,
13004353694,102.165.203.219,371001,
15329598008,219.121.44.42,371002,
13020075393,36.145.34.50,371021,
15386267148,138.214.49.30,371081,
13025203156,149.77.41.180,371082,
15552696393,55.236.81.198,371083,
15309797616,125.52.114.164,371100,
15389245128,213.38.54.231,371101,
13036166909,253.111.170.43,371102,
15393468150,220.100.2.182,371103,
16252809585,149.108.186.190,371121,
13085846882,103.177.17.18,371122,
13006116945,37.249.84.159,371200,
13222865634,209.2.59.84,371201,
13222236060,18.237.178.90,371202,
15341691956,216.124.71.84,371203,
16255491530,254.208.57.55,371300,
13800159090,57.217.37.25,371301,
15509846659,154.224.52.31,371302,
15933989152,247.87.27.84,371311,
15757086939,13.253.11.46,371312,
13834054800,4.237.188.242,371321,
13769171088,211.71.77.195,371322,
15310347223,14.201.96.111,371323,
14666127769,225.47.2.110,371324,
15371406087,170.153.95.253,371325,
15952241505,149.29.186.244,371326,
15314090011,85.22.72.153,371327,
15561247646,133.249.26.155,371328,
13803015546,166.83.5.157,371329,
16283093523,106.101.119.23,371400,
15588842348,132.88.242.174,371401,
13222436814,244.33.83.181,371402,
13222203293,78.134.9.249,371421,
13977679485,248.235.44.3,371422,
13998686013,110.228.45.240,371423,
15518477229,126.28.230.211,371424,
15367156633,215.54.144.176,371425,
15500246881,97.133.173.55,371426,
15932955681,111.222.142.33,371427,
16252765201,154.252.53.222,371428,
16509922893,251.166.79.196,371481,
16254522844,203.108.127.12,371482,
15386584940,60.195.247.11,371500,
16221206396,77.251.81.96,371501,
15539456541,30.42.71.197,371502,
15338311134,12.121.37.208,371521,
13949663607,167.131.227.137,371522,
13084895324,213.46.180.159,371523,
16527706292,113.196.203.61,371524,
16253000951,117.82.251.150,371525,
15854640875,165.112.2.218,371526,
13222049965,100.79.180.42,371581,
13787799464,96.189.126.207,371600,
15602606942,191.93.188.5,371601,
15532331140,23.176.63.8,371602,
13774939030,117.4.55.184,371621,
15748046069,25.221.122.103,371622,
13213086468,18.48.118.82,371623,
15305752598,149.10.174.45,371624,
15338553345,167.110.226.28,371625,
13785135482,213.116.196.162,371626,
15022837582,174.79.77.47,371700,
15755856316,31.101.167.155,371701,
15605916931,199.183.147.178,371702,
15017203853,129.54.190.254,371721,
15850719541,182.36.187.47,371722,
15523148714,140.92.171.250,371723,
15602900800,162.108.68.209,371724,
13060128635,101.197.148.246,371725,
15987640607,137.209.106.186,371726,
15014929866,122.79.228.85,371727,
13222072493,10.204.151.33,371728,
13929572563,244.50.49.2,372100,
13093657989,215.53.187.160,372101,
13929561266,133.75.169.218,372102,
13034230176,148.155.243.215,372121,
13803968882,132.207.151.39,372122,
15389356256,1.125.60.113,372124,
13211255671,33.193.65.48,372125,
19582629049,212.232.85.33,370830,
13474327165,26.209.79.55,370831,
15586558713,40.141.55.180,370832,
13253847636,21.132.207.114,370881,
13208953508,1.116.207.210,370882,
13217300542,248.211.135.99,370883,
15861736343,28.16.212.153,370900,
13032540754,20.90.87.35,370901,
13140893536,93.251.195.14,370902,
13110594399,161.186.71.252,370903,
15337361694,172.90.29.215,370911,
13114006083,239.47.227.67,370919,
16260422044,89.103.45.53,370920,
15342975067,183.36.253.63,370921,
13224319492,179.130.224.247,370922,
15756724235,107.252.137.181,370923,
13112973266,48.164.96.98,370981,
13222588943,87.218.221.189,370982,
15757627136,132.6.58.248,370983,
13064462643,129.138.90.141,371000,
13004353694,102.165.203.219,371001,
15329598008,219.121.44.42,371002,
13020075393,36.145.34.50,371021,
15386267148,138.214.49.30,371081,
13025203156,149.77.41.180,371082,
15552696393,55.236.81.198,371083,
15309797616,125.52.114.164,371100,
15389245128,213.38.54.231,371101,
13036166909,253.111.170.43,371102,
15393468150,220.100.2.182,371103,
16252809585,149.108.186.190,371121,
13085846882,103.177.17.18,371122,
13006116945,37.249.84.159,371200,
13222865634,209.2.59.84,371201,
13222236060,18.237.178.90,371202,
15341691956,216.124.71.84,371203,
16255491530,254.208.57.55,371300,
13800159090,57.217.37.25,371301,
15509846659,154.224.52.31,371302,
15933989152,247.87.27.84,371311,
15757086939,13.253.11.46,371312,
13834054800,4.237.188.242,371321,
13769171088,211.71.77.195,371322,
15310347223,14.201.96.111,371323,
14666127769,225.47.2.110,371324,
15371406087,170.153.95.253,371325,
15952241505,149.29.186.244,371326,
15314090011,85.22.72.153,371327,
15561247646,133.249.26.155,371328,
13803015546,166.83.5.157,371329,
16283093523,106.101.119.23,371400,
15588842348,132.88.242.174,371401,
13222436814,244.33.83.181,371402,
13222203293,78.134.9.249,371421,
13977679485,248.235.44.3,371422,
13998686013,110.228.45.240,371423,
15518477229,126.28.230.211,371424,
15367156633,215.54.144.176,371425,
15500246881,97.133.173.55,371426,
15932955681,111.222.142.33,371427,
16252765201,154.252.53.222,371428,
16509922893,251.166.79.196,371481,
16254522844,203.108.127.12,371482,
15386584940,60.195.247.11,371500,
16221206396,77.251.81.96,371501,
15539456541,30.42.71.197,371502,
15338311134,12.121.37.208,371521,
13949663607,167.131.227.137,371522,
13084895324,213.46.180.159,371523,
16527706292,113.196.203.61,371524,
16253000951,117.82.251.150,371525,
15854640875,165.112.2.218,371526,
13222049965,100.79.180.42,371581,
13787799464,96.189.126.207,371600,
15602606942,191.93.188.5,371601,
15532331140,23.176.63.8,371602,
13774939030,117.4.55.184,371621,
15748046069,25.221.122.103,371622,
13213086468,18.48.118.82,371623,
15305752598,149.10.174.45,371624,
15338553345,167.110.226.28,371625,
13785135482,213.116.196.162,371626,
15022837582,174.79.77.47,371700,
15755856316,31.101.167.155,371701,
15605916931,199.183.147.178,371702,
15017203853,129.54.190.254,371721,
15850719541,182.36.187.47,371722,
15523148714,140.92.171.250,371723,
15602900800,162.108.68.209,371724,
13060128635,101.197.148.246,371725,
15987640607,137.209.106.186,371726,
15014929866,122.79.228.85,371727,
13222072493,10.204.151.33,371728,
13929572563,244.50.49.2,372100,
13093657989,215.53.187.160,372101,
13929561266,133.75.169.218,372102,
13034230176,148.155.243.215,372121,
13803968882,132.207.151.39,372122,
15389356256,1.125.60.113,372124,
13211255671,33.193.65.48,372125,
19582629049,212.232.85.33,370830,
13474327165,26.209.79.55,370831,
15586558713,40.141.55.180,370832,
13253847636,21.132.207.114,370881,
13208953508,1.116.207.210,370882,
13217300542,248.211.135.99,370883,
15861736343,28.16.212.153,370900,
13032540754,20.90.87.35,370901,
13140893536,93.251.195.14,370902,
13110594399,161.186.71.252,370903,
15337361694,172.90.29.215,370911,
13114006083,239.47.227.67,370919,
16260422044,89.103.45.53,370920,
15342975067,183.36.253.63,370921,
13224319492,179.130.224.247,370922,
15756724235,107.252.137.181,370923,
13112973266,48.164.96.98,370981,
13222588943,87.218.221.189,370982,
15757627136,132.6.58.248,370983,
13064462643,129.138.90.141,371000,
13004353694,102.165.203.219,371001,
15329598008,219.121.44.42,371002,
13020075393,36.145.34.50,371021,
15386267148,138.214.49.30,371081,
13025203156,149.77.41.180,371082,
15552696393,55.236.81.198,371083,
15309797616,125.52.114.164,371100,
15389245128,213.38.54.231,371101,
13036166909,253.111.170.43,371102,
15393468150,220.100.2.182,371103,
16252809585,149.108.186.190,371121,
13085846882,103.177.17.18,371122,
13006116945,37.249.84.159,371200,
13222865634,209.2.59.84,371201,
13222236060,18.237.178.90,371202,
15341691956,216.124.71.84,371203,
16255491530,254.208.57.55,371300,
13800159090,57.217.37.25,371301,
15509846659,154.224.52.31,371302,
15933989152,247.87.27.84,371311,
15757086939,13.253.11.46,371312,
13834054800,4.237.188.242,371321,
13769171088,211.71.77.195,371322,
15310347223,14.201.96.111,371323,
14666127769,225.47.2.110,371324,
15371406087,170.153.95.253,371325,
15952241505,149.29.186.244,371326,
15314090011,85.22.72.153,371327,
15561247646,133.249.26.155,371328,
13803015546,166.83.5.157,371329,
16283093523,106.101.119.23,371400,
15588842348,132.88.242.174,371401,
13222436814,244.33.83.181,371402,
13222203293,78.134.9.249,371421,
13977679485,248.235.44.3,371422,
13998686013,110.228.45.240,371423,
15518477229,126.28.230.211,371424,
15367156633,215.54.144.176,371425,
15500246881,97.133.173.55,371426,
15932955681,111.222.142.33,371427,
16252765201,154.252.53.222,371428,
16509922893,251.166.79.196,371481,
16254522844,203.108.127.12,371482,
15386584940,60.195.247.11,371500,
16221206396,77.251.81.96,371501,
15539456541,30.42.71.197,371502,
15338311134,12.121.37.208,371521,
13949663607,167.131.227.137,371522,
13084895324,213.46.180.159,371523,
16527706292,113.196.203.61,371524,
16253000951,117.82.251.150,371525,
15854640875,165.112.2.218,371526,
13222049965,100.79.180.42,371581,
13787799464,96.189.126.207,371600,
15602606942,191.93.188.5,371601,
15532331140,23.176.63.8,371602,
13774939030,117.4.55.184,371621,
15748046069,25.221.122.103,371622,
13213086468,18.48.118.82,371623,
15305752598,149.10.174.45,371624,
15338553345,167.110.226.28,371625,
13785135482,213.116.196.162,371626,
15022837582,174.79.77.47,371700,
15755856316,31.101.167.155,371701,
15605916931,199.183.147.178,371702,
15017203853,129.54.190.254,371721,
15850719541,182.36.187.47,371722,
15523148714,140.92.171.250,371723,
15602900800,162.108.68.209,371724,
13060128635,101.197.148.246,371725,
15987640607,137.209.106.186,371726,
15014929866,122.79.228.85,371727,
13222072493,10.204.151.33,371728,
13929572563,244.50.49.2,372100,
13093657989,215.53.187.160,372101,
13929561266,133.75.169.218,372102,
13034230176,148.155.243.215,372121,
13803968882,132.207.151.39,372122,
15389356256,1.125.60.113,372124,
13211255671,33.193.65.48,372125,
